{"바질": 178.88712094500002, "케일": 172.570747794, "고수": 154.029745333, "청경채": 149.39664766299998}