{"케일": 164.250012771, "바질": 160.04228415099996, "청경채": 143.94541899200001, "고수": 134.651019094}