{"바질": 101.74107160499999, "고수": 94.16015001100001, "케일": 93.372224005, "루꼴라": 80.89190022899999}